<?xml version="1.0" ?><application>
	<name>FlixioCloud</name>
	<lbsurl>http://flixio.net</lbsurl>
	<platform>win64</platform>
	<packageSets>
		<packageSet>
			<name>AAM</name>
			<installPath>[COMMONFILES]\WALL\OOBE\PDApp</installPath>
			<sequenceNumber>1</sequenceNumber>
			<packages>
				<package>
					<name>IPC</name>
					<sequenceNumber>100</sequenceNumber>
					<optional>false</optional>
					<pimxPath>\AAM\IPC\IPC.pimx</pimxPath>
				</package>
			</packages>
			<filters>
				<filter type="operatingSystem">
					<config>5.1.2</config>
				</filter>
			</filters>
			<additionalInfo>
				<skipProperties>
					<property>skipAIM</property>
				</skipProperties>
				<unzipRetryCount>3</unzipRetryCount>
				<uninstallPackages>
					<uninstallPackage>
						<name>FLixio</name>
						<sequenceNumber>0</sequenceNumber>
					</uninstallPackage>
					<uninstallPackage>
						<name>CCM</name>
						<sequenceNumber>10</sequenceNumber>
					</uninstallPackage>
				</uninstallPackages>
			</additionalInfo>
		</packageSet>
		<packageSet>
			<name>ADC</name>
			<installPath>[PROGRAMFILES]\Common Files\A-WALL\FLixio Desktop Common</installPath>
			<sequenceNumber>2</sequenceNumber>
			<packages>
				<package>
					<name>IPCBox</name>
					<sequenceNumber>5</sequenceNumber>
					<optional>false</optional>
					<pimxPath>\ADC\IPCBox\IPCBox.pimx</pimxPath>
					<additionalInfo>
						<restartRequired>true</restartRequired>
						<skipProperties>
							<property>skipIPCBox</property>
						</skipProperties>
					</additionalInfo>
				</package>
				<package>
					<name>Core</name>
					<sequenceNumber>20</sequenceNumber>
					<optional>false</optional>
					<pimxPath>\ADC\Core\Core.pimx</pimxPath>
					<additionalInfo>
						<restartRequired>true</restartRequired>
						<skipProperties>
							<property>skipCorePackage</property>
						</skipProperties>
					</additionalInfo>
				</package>
				<package>
					<name>HDBox</name>
					<sequenceNumber>30</sequenceNumber>
					<optional>false</optional>
					<pimxPath>\ADC\HDBox\HDBox.pimx</pimxPath>
					<additionalInfo>
						<restartRequired>false</restartRequired>
						<skipProperties>
							<property>skipHDBox</property>
						</skipProperties>
					</additionalInfo>
				</package>
				<package>
					<name>LCC</name>
					<sequenceNumber>40</sequenceNumber>
					<optional>false</optional>
					<pimxPath>\ADC\LCC\LCC.pimx</pimxPath>
					<additionalInfo>
						<restartRequired>false</restartRequired>
						<skipProperties>
							<property>skipLCC</property>
						</skipProperties>
					</additionalInfo>
				</package>				
			</packages>
			<filters>
				<filter type="operatingSystem">
					<config>6.1.0</config>
				</filter>
			</filters>
			<additionalInfo>
				<skipProperties>
					<property>skipADC</property>
				</skipProperties>
				<launchExecutables>
				</launchExecutables>
				<uninstallPackages>
				</uninstallPackages>
				<unzipRetryCount>3</unzipRetryCount>
			</additionalInfo>
		</packageSet>
	</packageSets>
	<version>5.0.1.383</version>
</application>